{
  "P1": {
    "pre": {
      "n_train": 80,
      "n_test": 80,
      "pipelines": {
        "FBCSP+LDA": {
          "accuracy": 0.875,
          "kappa": 0.75,
          "confusion_matrix": [
            [
              36,
              4
            ],
            [
              6,
              34
            ]
          ]
        },
        "ACM(3,7)": {
          "accuracy": 0.9125,
          "kappa": 0.825,
          "confusion_matrix": [
            [
              38,
              2
            ],
            [
              5,
              35
            ]
          ]
        },
        "TS+LR": {
          "accuracy": 0.875,
          "kappa": 0.75,
          "confusion_matrix": [
            [
              35,
              5
            ],
            [
              5,
              35
            ]
          ]
        },
        "CSP+LDA": {
          "accuracy": 0.5125,
          "kappa": 0.025000000000000022,
          "confusion_matrix": [
            [
              27,
              13
            ],
            [
              26,
              14
            ]
          ]
        },
        "FgMDM": {
          "accuracy": 0.825,
          "kappa": 0.65,
          "confusion_matrix": [
            [
              34,
              6
            ],
            [
              8,
              32
            ]
          ]
        },
        "TS+SVM": {
          "accuracy": 0.8125,
          "kappa": 0.625,
          "confusion_matrix": [
            [
              37,
              3
            ],
            [
              12,
              28
            ]
          ]
        },
        "MDM": {
          "accuracy": 0.7625,
          "kappa": 0.525,
          "confusion_matrix": [
            [
              33,
              7
            ],
            [
              12,
              28
            ]
          ]
        },
        "TS+LDA": {
          "accuracy": 0.65,
          "kappa": 0.30000000000000004,
          "confusion_matrix": [
            [
              25,
              15
            ],
            [
              13,
              27
            ]
          ]
        }
      },
      "lateralization": {
        "mu_li": -0.29684511429753685,
        "beta_li": -0.11737099800334201,
        "mu_c3_power": 8.096009702359772e-13,
        "mu_c4_power": 1.915327909203336e-12,
        "beta_c3_power": 4.5236734106384314e-13,
        "beta_c4_power": 7.056567866487634e-13
      }
    },
    "post": {
      "n_train": 80,
      "n_test": 80,
      "pipelines": {
        "FBCSP+LDA": {
          "accuracy": 0.9375,
          "kappa": 0.875,
          "confusion_matrix": [
            [
              40,
              0
            ],
            [
              5,
              35
            ]
          ]
        },
        "ACM(3,7)": {
          "accuracy": 0.8125,
          "kappa": 0.625,
          "confusion_matrix": [
            [
              35,
              5
            ],
            [
              10,
              30
            ]
          ]
        },
        "TS+LR": {
          "accuracy": 0.75,
          "kappa": 0.5,
          "confusion_matrix": [
            [
              38,
              2
            ],
            [
              18,
              22
            ]
          ]
        },
        "CSP+LDA": {
          "accuracy": 0.7375,
          "kappa": 0.475,
          "confusion_matrix": [
            [
              40,
              0
            ],
            [
              21,
              19
            ]
          ]
        },
        "FgMDM": {
          "accuracy": 0.9125,
          "kappa": 0.825,
          "confusion_matrix": [
            [
              39,
              1
            ],
            [
              6,
              34
            ]
          ]
        },
        "TS+SVM": {
          "accuracy": 0.75,
          "kappa": 0.5,
          "confusion_matrix": [
            [
              31,
              9
            ],
            [
              11,
              29
            ]
          ]
        },
        "MDM": {
          "accuracy": 0.6625,
          "kappa": 0.32499999999999996,
          "confusion_matrix": [
            [
              37,
              3
            ],
            [
              24,
              16
            ]
          ]
        },
        "TS+LDA": {
          "accuracy": 0.8,
          "kappa": 0.6,
          "confusion_matrix": [
            [
              34,
              6
            ],
            [
              10,
              30
            ]
          ]
        }
      },
      "lateralization": {
        "mu_li": 0.07453459505733309,
        "beta_li": 0.03142410958845229,
        "mu_c3_power": 1.8526079038128217e-12,
        "mu_c4_power": 1.526232786164769e-12,
        "beta_c3_power": 7.204809373656409e-13,
        "beta_c4_power": 6.461128353019847e-13
      }
    }
  },
  "P2": {
    "pre": {
      "n_train": 80,
      "n_test": 80,
      "pipelines": {
        "FBCSP+LDA": {
          "accuracy": 0.8375,
          "kappa": 0.675,
          "confusion_matrix": [
            [
              34,
              6
            ],
            [
              7,
              33
            ]
          ]
        },
        "ACM(3,7)": {
          "accuracy": 0.6625,
          "kappa": 0.32499999999999996,
          "confusion_matrix": [
            [
              36,
              4
            ],
            [
              23,
              17
            ]
          ]
        },
        "TS+LR": {
          "accuracy": 0.6375,
          "kappa": 0.275,
          "confusion_matrix": [
            [
              32,
              8
            ],
            [
              21,
              19
            ]
          ]
        },
        "CSP+LDA": {
          "accuracy": 0.5625,
          "kappa": 0.125,
          "confusion_matrix": [
            [
              28,
              12
            ],
            [
              23,
              17
            ]
          ]
        },
        "FgMDM": {
          "accuracy": 0.65,
          "kappa": 0.30000000000000004,
          "confusion_matrix": [
            [
              31,
              9
            ],
            [
              19,
              21
            ]
          ]
        },
        "TS+SVM": {
          "accuracy": 0.575,
          "kappa": 0.15000000000000002,
          "confusion_matrix": [
            [
              34,
              6
            ],
            [
              28,
              12
            ]
          ]
        },
        "MDM": {
          "accuracy": 0.5125,
          "kappa": 0.025000000000000022,
          "confusion_matrix": [
            [
              25,
              15
            ],
            [
              24,
              16
            ]
          ]
        },
        "TS+LDA": {
          "accuracy": 0.6625,
          "kappa": 0.32499999999999996,
          "confusion_matrix": [
            [
              32,
              8
            ],
            [
              19,
              21
            ]
          ]
        }
      },
      "lateralization": {
        "mu_li": -0.18636820116104044,
        "beta_li": -0.05182434802525369,
        "mu_c3_power": 3.2730457219014396e-12,
        "mu_c4_power": 5.001532108722977e-12,
        "beta_c3_power": 1.0579030547144605e-12,
        "beta_c4_power": 1.2282033781386658e-12
      }
    },
    "post": {
      "n_train": 80,
      "n_test": 80,
      "pipelines": {
        "FBCSP+LDA": {
          "accuracy": 1.0,
          "kappa": 1.0,
          "confusion_matrix": [
            [
              40,
              0
            ],
            [
              0,
              40
            ]
          ]
        },
        "ACM(3,7)": {
          "accuracy": 0.9875,
          "kappa": 0.975,